{
  "$schema": "https://developer.microsoft.com/json-schemas/fabric/item/report/definition/visualContainer/2.1.0/schema.json",
  "name": "467e0b367d5e839400d6",
  "position": {
    "x": 337.63779527559052,
    "y": 278.84514435695536,
    "z": 16000,
    "height": 131.02362204724409,
    "width": 334.27821522309711,
    "tabOrder": 16000
  },
  "visual": {
    "visualType": "tableEx",
    "query": {
      "queryState": {
        "Values": {
          "projections": [
            {
              "field": {
                "Column": {
                  "Expression": {
                    "SourceRef": {
                      "Entity": "Sales"
                    }
                  },
                  "Property": "Products.Sub-Category"
                }
              },
              "queryRef": "Sales.Products.Sub-Category",
              "nativeQueryRef": "Sub-Category",
              "displayName": "Sub-Category"
            },
            {
              "field": {
                "Measure": {
                  "Expression": {
                    "SourceRef": {
                      "Entity": "Sales"
                    }
                  },
                  "Property": "Total Orders"
                }
              },
              "queryRef": "Sales.Total Orders",
              "nativeQueryRef": "Total Orders"
            },
            {
              "field": {
                "Measure": {
                  "Expression": {
                    "SourceRef": {
                      "Entity": "Sales"
                    }
                  },
                  "Property": "Total Sales"
                }
              },
              "queryRef": "Sales.Total Sales",
              "nativeQueryRef": "Total Sales"
            }
          ]
        }
      }
    },
    "drillFilterOtherVisuals": true
  },
  "filterConfig": {
    "filters": [
      {
        "name": "68106e34a6a2379a4aa0",
        "field": {
          "Column": {
            "Expression": {
              "SourceRef": {
                "Entity": "Sales"
              }
            },
            "Property": "Products.Sub-Category"
          }
        },
        "type": "Categorical"
      },
      {
        "name": "f5808fd66633ccc0434b",
        "field": {
          "Measure": {
            "Expression": {
              "SourceRef": {
                "Entity": "Sales"
              }
            },
            "Property": "Total Orders"
          }
        },
        "type": "Advanced"
      },
      {
        "name": "59dedeb5e24b47a2c578",
        "field": {
          "Measure": {
            "Expression": {
              "SourceRef": {
                "Entity": "Sales"
              }
            },
            "Property": "Total Sales"
          }
        },
        "type": "Advanced"
      }
    ]
  }
}