{
  "$schema": "https://developer.microsoft.com/json-schemas/fabric/item/report/definition/visualContainer/2.1.0/schema.json",
  "name": "9264c9a5061661710139",
  "position": {
    "x": 549.2913385826771,
    "y": 102.46719160104986,
    "z": 5,
    "height": 314.12073490813646,
    "width": 162.93963254593174,
    "tabOrder": 5
  },
  "visual": {
    "visualType": "gauge",
    "query": {
      "queryState": {
        "MaxValue": {
          "projections": [
            {
              "field": {
                "Aggregation": {
                  "Expression": {
                    "Column": {
                      "Expression": {
                        "SourceRef": {
                          "Entity": "Sales"
                        }
                      },
                      "Property": "Discount"
                    }
                  },
                  "Function": 4
                }
              },
              "queryRef": "Sum(Sales.Discount)1",
              "nativeQueryRef": "Max of Discount"
            }
          ]
        },
        "MinValue": {
          "projections": [
            {
              "field": {
                "Aggregation": {
                  "Expression": {
                    "Column": {
                      "Expression": {
                        "SourceRef": {
                          "Entity": "Sales"
                        }
                      },
                      "Property": "Discount"
                    }
                  },
                  "Function": 3
                }
              },
              "queryRef": "Sum(Sales.Discount)",
              "nativeQueryRef": "Min of Discount"
            }
          ]
        },
        "Y": {
          "projections": [
            {
              "field": {
                "Measure": {
                  "Expression": {
                    "SourceRef": {
                      "Entity": "Sales"
                    }
                  },
                  "Property": "Average Discount"
                }
              },
              "queryRef": "Sales.Average Discount",
              "nativeQueryRef": "Average Discount"
            }
          ]
        }
      },
      "sortDefinition": {
        "sort": [
          {
            "field": {
              "Measure": {
                "Expression": {
                  "SourceRef": {
                    "Entity": "Sales"
                  }
                },
                "Property": "Average Discount"
              }
            },
            "direction": "Descending"
          }
        ],
        "isDefaultSort": true
      }
    },
    "visualContainerObjects": {
      "border": [
        {
          "properties": {
            "show": {
              "expr": {
                "Literal": {
                  "Value": "true"
                }
              }
            }
          }
        }
      ],
      "dropShadow": [
        {
          "properties": {
            "show": {
              "expr": {
                "Literal": {
                  "Value": "true"
                }
              }
            }
          }
        }
      ]
    },
    "drillFilterOtherVisuals": true
  },
  "filterConfig": {
    "filters": [
      {
        "name": "cc0faa454a2639a78b01",
        "field": {
          "Measure": {
            "Expression": {
              "SourceRef": {
                "Entity": "Sales"
              }
            },
            "Property": "Average Discount"
          }
        },
        "type": "Advanced"
      },
      {
        "name": "54df479fa2d8c3b102be",
        "field": {
          "Aggregation": {
            "Expression": {
              "Column": {
                "Expression": {
                  "SourceRef": {
                    "Entity": "Sales"
                  }
                },
                "Property": "Discount"
              }
            },
            "Function": 3
          }
        },
        "type": "Advanced"
      },
      {
        "name": "62ad0fe88233ed4205bd",
        "field": {
          "Aggregation": {
            "Expression": {
              "Column": {
                "Expression": {
                  "SourceRef": {
                    "Entity": "Sales"
                  }
                },
                "Property": "Discount"
              }
            },
            "Function": 4
          }
        },
        "type": "Advanced"
      }
    ]
  }
}