{
  "$schema": "https://developer.microsoft.com/json-schemas/fabric/item/report/definition/visualContainer/2.1.0/schema.json",
  "name": "56761b40a51886485c28",
  "position": {
    "x": 94.068241469816272,
    "y": 0,
    "z": 0,
    "height": 67.191601049868765,
    "width": 1016.272965879265
  },
  "visual": {
    "visualType": "textbox",
    "objects": {
      "general": [
        {
          "properties": {
            "paragraphs": [
              {
                "textRuns": [
                  {
                    "value": "ECommerce Performance ",
                    "textStyle": {
                      "fontWeight": "bold",
                      "fontFamily": "Nunito",
                      "fontSize": "32pt",
                      "color": "#118dff"
                    }
                  },
                  {
                    "value": "- ",
                    "textStyle": {
                      "fontWeight": "bold",
                      "fontFamily": "Nunito",
                      "fontSize": "32pt",
                      "color": "#3c3c3c"
                    }
                  },
                  {
                    "value": "Customer & Product Segment",
                    "textStyle": {
                      "fontWeight": "bold",
                      "fontFamily": "Nunito",
                      "fontSize": "28pt",
                      "textDecoration": "underline",
                      "color": "#3c3c3c"
                    }
                  }
                ]
              }
            ]
          }
        }
      ]
    },
    "drillFilterOtherVisuals": true
  }
}