{
  "$schema": "https://developer.microsoft.com/json-schemas/fabric/item/report/definition/visualContainer/2.1.0/schema.json",
  "name": "f818639100b7ad13a11c",
  "position": {
    "x": 703.83202099737525,
    "y": 80.629921259842519,
    "z": 4000,
    "height": 151.18110236220471,
    "width": 146.14173228346456,
    "tabOrder": 4000
  },
  "visual": {
    "visualType": "card",
    "query": {
      "queryState": {
        "Values": {
          "projections": [
            {
              "field": {
                "Measure": {
                  "Expression": {
                    "SourceRef": {
                      "Entity": "Sales"
                    }
                  },
                  "Property": "AIPO All"
                }
              },
              "queryRef": "Sales.AIPO All",
              "nativeQueryRef": "AIPO All"
            }
          ]
        }
      },
      "sortDefinition": {
        "sort": [
          {
            "field": {
              "Measure": {
                "Expression": {
                  "SourceRef": {
                    "Entity": "Sales"
                  }
                },
                "Property": "AIPO All"
              }
            },
            "direction": "Descending"
          }
        ],
        "isDefaultSort": true
      }
    },
    "visualContainerObjects": {
      "border": [
        {
          "properties": {
            "show": {
              "expr": {
                "Literal": {
                  "Value": "true"
                }
              }
            }
          }
        }
      ],
      "dropShadow": [
        {
          "properties": {
            "show": {
              "expr": {
                "Literal": {
                  "Value": "true"
                }
              }
            }
          }
        }
      ]
    },
    "drillFilterOtherVisuals": true
  },
  "filterConfig": {
    "filters": [
      {
        "name": "946d118b3cb4567159cd",
        "field": {
          "Measure": {
            "Expression": {
              "SourceRef": {
                "Entity": "Sales"
              }
            },
            "Property": "AIPO All"
          }
        },
        "type": "Advanced"
      }
    ]
  }
}