{
  "$schema": "https://developer.microsoft.com/json-schemas/fabric/item/report/definition/visualContainer/2.1.0/schema.json",
  "name": "0fae06772522e5ed744e",
  "position": {
    "x": 169.65879265091863,
    "y": 0,
    "z": 0,
    "height": 65.511811023622045,
    "width": 923.88451443569545
  },
  "visual": {
    "visualType": "textbox",
    "objects": {
      "general": [
        {
          "properties": {
            "paragraphs": [
              {
                "textRuns": [
                  {
                    "value": "ECommerce Performance",
                    "textStyle": {
                      "fontWeight": "bold",
                      "fontFamily": "Nunito",
                      "fontSize": "32pt",
                      "color": "#118dff"
                    }
                  },
                  {
                    "value": " - ",
                    "textStyle": {
                      "fontWeight": "bold",
                      "fontFamily": "Nunito",
                      "fontSize": "32pt",
                      "color": "#3c3c3c"
                    }
                  },
                  {
                    "value": "Order & Profit Analysis",
                    "textStyle": {
                      "fontWeight": "bold",
                      "fontFamily": "Nunito",
                      "fontSize": "28pt",
                      "textDecoration": "underline",
                      "color": "#3c3c3c"
                    }
                  }
                ]
              }
            ]
          }
        }
      ]
    },
    "drillFilterOtherVisuals": true
  }
}