{
  "$schema": "https://developer.microsoft.com/json-schemas/fabric/item/report/definition/visualContainer/2.1.0/schema.json",
  "name": "cee6c811d1a145c5bec3",
  "position": {
    "x": 94,
    "y": 423,
    "z": 3,
    "height": 220,
    "width": 289,
    "tabOrder": 3
  },
  "visual": {
    "visualType": "barChart",
    "query": {
      "queryState": {
        "Category": {
          "projections": [
            {
              "field": {
                "Column": {
                  "Expression": {
                    "SourceRef": {
                      "Entity": "Sales"
                    }
                  },
                  "Property": "Products Category"
                }
              },
              "queryRef": "Sales.Products.Category",
              "nativeQueryRef": "Products Category",
              "active": true
            }
          ]
        },
        "Series": {
          "projections": [
            {
              "field": {
                "Column": {
                  "Expression": {
                    "SourceRef": {
                      "Entity": "Customers"
                    }
                  },
                  "Property": "Region"
                }
              },
              "queryRef": "Customers.Region",
              "nativeQueryRef": "Region"
            }
          ]
        },
        "Y": {
          "projections": [
            {
              "field": {
                "Measure": {
                  "Expression": {
                    "SourceRef": {
                      "Entity": "Sales"
                    }
                  },
                  "Property": "Total Sales"
                }
              },
              "queryRef": "Sales.Total Sales",
              "nativeQueryRef": "Total Sales"
            }
          ]
        }
      },
      "sortDefinition": {
        "sort": [
          {
            "field": {
              "Measure": {
                "Expression": {
                  "SourceRef": {
                    "Entity": "Sales"
                  }
                },
                "Property": "Total Sales"
              }
            },
            "direction": "Descending"
          }
        ],
        "isDefaultSort": true
      }
    },
    "visualContainerObjects": {
      "title": [
        {
          "properties": {
            "text": {
              "expr": {
                "Literal": {
                  "Value": "'Total Sales by Regional Products'"
                }
              }
            }
          }
        }
      ]
    },
    "drillFilterOtherVisuals": true
  },
  "filterConfig": {
    "filters": [
      {
        "name": "a191bf5454868442dda6",
        "field": {
          "Measure": {
            "Expression": {
              "SourceRef": {
                "Entity": "Sales"
              }
            },
            "Property": "Total Sales"
          }
        },
        "type": "Advanced"
      },
      {
        "name": "7f16014c09706914086d",
        "field": {
          "Column": {
            "Expression": {
              "SourceRef": {
                "Entity": "Sales"
              }
            },
            "Property": "Products Category"
          }
        },
        "type": "Categorical"
      },
      {
        "name": "3a897db88113b6079b00",
        "field": {
          "Column": {
            "Expression": {
              "SourceRef": {
                "Entity": "Customers"
              }
            },
            "Property": "Region"
          }
        },
        "type": "Categorical"
      }
    ]
  }
}