{
  "$schema": "https://developer.microsoft.com/json-schemas/fabric/item/report/definition/visualContainer/2.1.0/schema.json",
  "name": "6660b63f060d891c6c40",
  "position": {
    "x": 109.18635170603675,
    "y": 0,
    "z": 1000,
    "height": 65.511811023622045,
    "width": 1125.4593175853017,
    "tabOrder": 1000
  },
  "visual": {
    "visualType": "textbox",
    "objects": {
      "general": [
        {
          "properties": {
            "paragraphs": [
              {
                "textRuns": [
                  {
                    "value": "ECommerce Performance",
                    "textStyle": {
                      "fontFamily": "Nunito",
                      "fontSize": "36pt",
                      "color": "#0d6abf"
                    }
                  },
                  {
                    "value": " - ",
                    "textStyle": {
                      "fontFamily": "Nunito",
                      "fontSize": "36pt",
                      "color": "#3c3c3c"
                    }
                  },
                  {
                    "value": "Key Performance Indicators",
                    "textStyle": {
                      "fontWeight": "bold",
                      "fontFamily": "Nunito",
                      "fontSize": "28pt",
                      "textDecoration": "underline",
                      "color": "#3c3c3c"
                    }
                  }
                ]
              },
              {
                "textRuns": [
                  {
                    "value": ""
                  }
                ]
              }
            ]
          }
        }
      ]
    },
    "drillFilterOtherVisuals": true
  }
}