{
  "$schema": "https://developer.microsoft.com/json-schemas/fabric/item/report/definition/visualContainer/2.1.0/schema.json",
  "name": "891ee85c20535cd30146",
  "position": {
    "x": 767.66404199475062,
    "y": 102.46719160104986,
    "z": 4,
    "height": 314.12073490813646,
    "width": 453.54330708661416,
    "tabOrder": 4
  },
  "visual": {
    "visualType": "pivotTable",
    "query": {
      "queryState": {
        "Columns": {
          "projections": [
            {
              "field": {
                "Column": {
                  "Expression": {
                    "SourceRef": {
                      "Entity": "Sales"
                    }
                  },
                  "Property": "Products Category"
                }
              },
              "queryRef": "Sales.Products Category",
              "nativeQueryRef": "Products.Category",
              "active": true,
              "displayName": "Products.Category"
            }
          ]
        },
        "Rows": {
          "projections": [
            {
              "field": {
                "Column": {
                  "Expression": {
                    "SourceRef": {
                      "Entity": "Sales"
                    }
                  },
                  "Property": "Discount"
                }
              },
              "queryRef": "Sales.Discount",
              "nativeQueryRef": "Discount",
              "active": true
            }
          ]
        },
        "Values": {
          "projections": [
            {
              "field": {
                "Measure": {
                  "Expression": {
                    "SourceRef": {
                      "Entity": "Sales"
                    }
                  },
                  "Property": "Total Orders"
                }
              },
              "queryRef": "Sales.Total Orders",
              "nativeQueryRef": "Total Orders"
            }
          ]
        }
      }
    },
    "visualContainerObjects": {
      "border": [
        {
          "properties": {
            "show": {
              "expr": {
                "Literal": {
                  "Value": "true"
                }
              }
            }
          }
        }
      ],
      "dropShadow": [
        {
          "properties": {
            "show": {
              "expr": {
                "Literal": {
                  "Value": "true"
                }
              }
            }
          }
        }
      ],
      "title": [
        {
          "properties": {
            "show": {
              "expr": {
                "Literal": {
                  "Value": "true"
                }
              }
            },
            "text": {
              "expr": {
                "Literal": {
                  "Value": "'pivotTable'"
                }
              }
            }
          }
        }
      ]
    },
    "drillFilterOtherVisuals": true
  },
  "filterConfig": {
    "filters": [
      {
        "name": "cfcd6dba1ed1a45a1c30",
        "field": {
          "Column": {
            "Expression": {
              "SourceRef": {
                "Entity": "Sales"
              }
            },
            "Property": "Discount"
          }
        },
        "type": "Advanced"
      },
      {
        "name": "2b6abaac00354d52d89c",
        "field": {
          "Measure": {
            "Expression": {
              "SourceRef": {
                "Entity": "Sales"
              }
            },
            "Property": "Total Orders"
          }
        },
        "type": "Advanced"
      }
    ]
  }
}