{
  "name": "Accessible Neutral",
  "dataColors": [
    "#6B797C",
    "#362B2B",
    "#B08D72",
    "#40484A",
    "#86989C",
    "#5B3D35",
    "#928F8B",
    "#242828"
  ],
  "foreground": "#24212E",
  "background": "#FFFFFF",
  "foregroundNeutralSecondary": "#6E5746",
  "backgroundLight": "#FCF7F0",
  "foregroundNeutralTertiary": "#928F8B",
  "backgroundNeutral": "#EDE8E1",
  "tableAccent": "#566164",
  "maximum": "#34373B",
  "center": "#B08D72",
  "minimum": "#86989C",
  "bad": "#4D332C",
  "neutral": "#8C705B",
  "good": "#6B797D"
}