{
  "name": "Classroom",
  "dataColors": [
    "#4A8DDC",
    "#4C5D8A",
    "#F3C911",
    "#DC5B57",
    "#33AE81",
    "#95C8F0",
    "#DD915F",
    "#9A64A0",
    "#6EA4E3",
    "#707DA1",
    "#F5D441",
    "#E37C79",
    "#5CBE9A",
    "#AAD3F3",
    "#E4A77F",
    "#AE83B3",
    "#386AA5",
    "#394668",
    "#B6970D",
    "#A54441",
    "#268361",
    "#7096B4",
    "#A66D47",
    "#744B78",
    "#25476E",
    "#262F45",
    "#7A6509",
    "#6E2E2C",
    "#1A5741",
    "#4B6478",
    "#6F4930",
    "#4D3250"
  ],
  "background": "#FFFFFF",
  "foreground": "#070f25",
  "tableAccent": "#0F1934"
}