{
  "name": "Elektra",
  "dataColors": [
    "#118DFF",
    "#750985",
    "#C83D95",
    "#FF985E",
    "#1DD5EE",
    "#42F7C0",
    "#3049AD",
    "#F64F5C",
    "#FFBBED",
    "#FCFF74",
    "#41A4FF",
    "#6A3A9D",
    "#D364AA",
    "#FFAD7E",
    "#4ADDF1",
    "#68F9CD",
    "#596DBD",
    "#F8727D",
    "#FFC9F1",
    "#FDFF90",
    "#0D6ABF",
    "#340764",
    "#962E70",
    "#BF7247",
    "#16A0B3",
    "#32B990",
    "#243782",
    "#B93B45",
    "#BF8CB2",
    "#BDBF57",
    "#094780",
    "#230543",
    "#641F4B",
    "#804C2F",
    "#0F6B77",
    "#217C60",
    "#182557",
    "#7B282E",
    "#805E77",
    "#7E803A"
  ],
  "background": "#FFFFFF",
  "foreground": "#070f25",
  "tableAccent": "#0F1934"
}