{
  "name": "High Contrast",
  "dataColors": [
    "#107C10",
    "#002050",
    "#A80000",
    "#5C2D91",
    "#004B50",
    "#0078D7",
    "#D83B01",
    "#B4009E",
    "#409640",
    "#334D73",
    "#B93333",
    "#7D57A7",
    "#336F73",
    "#3393DF",
    "#E06234",
    "#C333B1",
    "#0C5D0C",
    "#00183C",
    "#7E0000",
    "#45226D",
    "#00383C",
    "#005AA1",
    "#A22C01",
    "#870077",
    "#083E08",
    "#001028",
    "#540000",
    "#2E1749",
    "#002628",
    "#003C6C",
    "#6C1E01",
    "#5A004F"
  ],
  "background": "#FFFFFF",
  "foreground": "#070f25",
  "tableAccent": "#0F1934"
}