{
  "name": "Highrise",
  "dataColors": [
    "#499195",
    "#00ACFC",
    "#C4B07B",
    "#F18F49",
    "#326633",
    "#F1C716",
    "#D8D7BF",
    "#224624",
    "#35B895",
    "#59C9F4",
    "#D8D7BF",
    "#FDB15D",
    "#168946",
    "#FEE266",
    "#A7A78F",
    "#2C5C1B",
    "#1B5C4A",
    "#258DB5",
    "#7B6E4F",
    "#BB824A",
    "#4AC57D",
    "#BDA750",
    "#707060",
    "#428A28",
    "#0D2E25",
    "#185D79",
    "#524934",
    "#7D5731",
    "#01B84E",
    "#7E6F36",
    "#545448",
    "#57B835"
  ],
  "tableAccent": "#499195",
  "maximum": "#499195",
  "center": "#D9B300",
  "minimum": "#DEEFFF"
}