{
  "name": "Solar",
  "dataColors": [
    "#FFAC00",
    "#E87200",
    "#E13102",
    "#D3004C",
    "#EF008C",
    "#9B0065",
    "#7D0033",
    "#5C0001",
    "#FFCD66",
    "#F1AA66",
    "#ED8367",
    "#E56694",
    "#F566BA",
    "#C366A3",
    "#B16685",
    "#9D6667",
    "#805600",
    "#743900",
    "#711901",
    "#6A0026",
    "#780046",
    "#4E0033",
    "#3F001A",
    "#2E0001"
  ],
  "tableAccent": "#FFAC00",
  "maximum": "#FFAC00",
  "center": "#5C0001",
  "minimum": "#F1F1F1"
}