{
  "name": "Sunflower Twilight",
  "dataColors": [
    "#F17925",
    "#004753",
    "#CCAA14",
    "#4B4C4E",
    "#D82C20",
    "#A3D0D4",
    "#536F18",
    "#46ABB0",
    "#F49451",
    "#336C75",
    "#D6BB43",
    "#6F7071",
    "#E0564D",
    "#B5D9DD",
    "#758C46",
    "#6BBCC0",
    "#B55B1C",
    "#00353E",
    "#99800F",
    "#38393B",
    "#A22118",
    "#7A9C9F",
    "#3E5312",
    "#358084",
    "#793D13",
    "#00242A",
    "#66550A",
    "#262627",
    "#6C1610",
    "#52686A",
    "#2A380C",
    "#235658"
  ],
  "background": "#FFFFFF",
  "foreground": "#070f25",
  "tableAccent": "#0F1934"
}