{
  "$schema": "https://developer.microsoft.com/json-schemas/fabric/item/report/definition/visualContainer/2.1.0/schema.json",
  "name": "8d69bc0873b6c3904760",
  "position": {
    "x": 354.43569553805776,
    "y": 448.503937007874,
    "z": 7,
    "height": 253.64829396325459,
    "width": 262.04724409448818,
    "tabOrder": 7
  },
  "visual": {
    "visualType": "gauge",
    "query": {
      "queryState": {
        "MaxValue": {
          "projections": [
            {
              "field": {
                "Aggregation": {
                  "Expression": {
                    "Column": {
                      "Expression": {
                        "SourceRef": {
                          "Entity": "Sales"
                        }
                      },
                      "Property": "Delivery Time"
                    }
                  },
                  "Function": 4
                }
              },
              "queryRef": "Sum(Sales.Delivery Time)1",
              "nativeQueryRef": "Max of Delivery Time"
            }
          ]
        },
        "MinValue": {
          "projections": [
            {
              "field": {
                "Aggregation": {
                  "Expression": {
                    "Column": {
                      "Expression": {
                        "SourceRef": {
                          "Entity": "Sales"
                        }
                      },
                      "Property": "Delivery Time"
                    }
                  },
                  "Function": 3
                }
              },
              "queryRef": "Sum(Sales.Delivery Time)",
              "nativeQueryRef": "Min of Delivery Time"
            }
          ]
        },
        "Y": {
          "projections": [
            {
              "field": {
                "Measure": {
                  "Expression": {
                    "SourceRef": {
                      "Entity": "Sales"
                    }
                  },
                  "Property": "Average Delivery Time"
                }
              },
              "queryRef": "Sales.Average Delivery Time",
              "nativeQueryRef": "Average Delivery Time"
            }
          ]
        }
      },
      "sortDefinition": {
        "sort": [
          {
            "field": {
              "Measure": {
                "Expression": {
                  "SourceRef": {
                    "Entity": "Sales"
                  }
                },
                "Property": "Average Delivery Time"
              }
            },
            "direction": "Descending"
          }
        ],
        "isDefaultSort": true
      }
    },
    "visualContainerObjects": {
      "border": [
        {
          "properties": {
            "show": {
              "expr": {
                "Literal": {
                  "Value": "true"
                }
              }
            }
          }
        }
      ],
      "dropShadow": [
        {
          "properties": {
            "show": {
              "expr": {
                "Literal": {
                  "Value": "true"
                }
              }
            }
          }
        }
      ]
    },
    "drillFilterOtherVisuals": true
  },
  "filterConfig": {
    "filters": [
      {
        "name": "aa486bde8320b900429b",
        "field": {
          "Measure": {
            "Expression": {
              "SourceRef": {
                "Entity": "Sales"
              }
            },
            "Property": "Average Delivery Time"
          }
        },
        "type": "Advanced"
      },
      {
        "name": "ccdfeddabbb0c667b808",
        "field": {
          "Aggregation": {
            "Expression": {
              "Column": {
                "Expression": {
                  "SourceRef": {
                    "Entity": "Sales"
                  }
                },
                "Property": "Delivery Time"
              }
            },
            "Function": 3
          }
        },
        "type": "Advanced"
      },
      {
        "name": "bace347a1477c0600cde",
        "field": {
          "Aggregation": {
            "Expression": {
              "Column": {
                "Expression": {
                  "SourceRef": {
                    "Entity": "Sales"
                  }
                },
                "Property": "Delivery Time"
              }
            },
            "Function": 4
          }
        },
        "type": "Advanced"
      }
    ]
  }
}