{
  "version": "1.1.0",
  "diagrams": [
    {
      "ordinal": 0,
      "scrollPosition": {
        "x": 156,
        "y": 0
      },
      "nodes": [
        {
          "location": {
            "x": 0,
            "y": 0
          },
          "nodeIndex": "Customers",
          "nodeLineageTag": "afdfba5d-bfa6-4e82-a4bb-a2008ef9efb8",
          "size": {
            "height": 300,
            "width": 234
          },
          "zIndex": 0
        },
        {
          "location": {
            "x": 367,
            "y": 0
          },
          "nodeIndex": "Dates",
          "nodeLineageTag": "b71586f0-a74a-4470-a50c-287a6552aa23",
          "size": {
            "height": 145,
            "width": 234
          },
          "zIndex": 0
        },
        {
          "location": {
            "x": 317,
            "y": 246
          },
          "nodeIndex": "Products",
          "nodeLineageTag": "e1235e73-9fc1-4d7f-9acc-86c8b0a6b51a",
          "size": {
            "height": 104,
            "width": 298
          },
          "zIndex": 0,
          "expandedHeight": 206
        },
        {
          "location": {
            "x": 685,
            "y": 0
          },
          "nodeIndex": "Sales",
          "nodeLineageTag": "ba4652d2-4ea7-40be-b189-5dd238d99d73",
          "size": {
            "height": 300,
            "width": 234
          },
          "zIndex": 0
        }
      ],
      "name": "All tables",
      "zoomValue": 100,
      "pinKeyFieldsToTop": false,
      "showExtraHeaderInfo": false,
      "hideKeyFieldsWhenCollapsed": false,
      "tablesLocked": false
    }
  ],
  "selectedDiagram": "All tables",
  "defaultDiagram": "All tables"
}