{
  "$schema": "https://developer.microsoft.com/json-schemas/fabric/item/report/definition/visualContainer/2.1.0/schema.json",
  "name": "5ad30d8f0b8bc5a90e85",
  "position": {
    "x": 748.80000000000007,
    "y": 252,
    "z": 16001,
    "height": 184.32,
    "width": 424.8,
    "tabOrder": 16001
  },
  "visual": {
    "visualType": "lineChart",
    "query": {
      "queryState": {
        "Category": {
          "projections": [
            {
              "field": {
                "Column": {
                  "Expression": {
                    "SourceRef": {
                      "Entity": "Sales"
                    }
                  },
                  "Property": "Delivery Date"
                }
              },
              "queryRef": "Sales.Delivery Date",
              "nativeQueryRef": "Delivery Date Year",
              "active": true,
              "displayName": "Delivery Date Year"
            }
          ]
        },
        "Y": {
          "projections": [
            {
              "field": {
                "Measure": {
                  "Expression": {
                    "SourceRef": {
                      "Entity": "Sales"
                    }
                  },
                  "Property": "Total Sales"
                }
              },
              "queryRef": "Sales.Total Sales",
              "nativeQueryRef": "Total Sales"
            }
          ]
        },
        "Y2": {
          "projections": [
            {
              "field": {
                "Measure": {
                  "Expression": {
                    "SourceRef": {
                      "Entity": "Sales"
                    }
                  },
                  "Property": "Total Quantity Sold"
                }
              },
              "queryRef": "Sales.Total Quantity Sold",
              "nativeQueryRef": "Total Quantity Sold"
            }
          ]
        }
      },
      "sortDefinition": {
        "sort": [
          {
            "field": {
              "Column": {
                "Expression": {
                  "SourceRef": {
                    "Entity": "Sales"
                  }
                },
                "Property": "Delivery Date"
              }
            },
            "direction": "Ascending"
          }
        ],
        "isDefaultSort": true
      }
    },
    "drillFilterOtherVisuals": true
  },
  "filterConfig": {
    "filters": [
      {
        "name": "e4b0cbb39078e1673a88",
        "field": {
          "Measure": {
            "Expression": {
              "SourceRef": {
                "Entity": "Sales"
              }
            },
            "Property": "Total Sales"
          }
        },
        "type": "Advanced"
      },
      {
        "name": "cd22e10c58314b854c0c",
        "field": {
          "Measure": {
            "Expression": {
              "SourceRef": {
                "Entity": "Sales"
              }
            },
            "Property": "Total Quantity Sold"
          }
        },
        "type": "Advanced"
      }
    ]
  }
}