{
  "$schema": "https://developer.microsoft.com/json-schemas/fabric/item/report/definition/visualContainer/2.1.0/schema.json",
  "name": "288d91e5e205ba8b04ad",
  "position": {
    "x": 475.38057742782149,
    "y": 393.07086614173227,
    "z": 4,
    "height": 327.55905511811022,
    "width": 740.78740157480308,
    "tabOrder": 4
  },
  "visual": {
    "visualType": "cardVisual",
    "query": {
      "queryState": {
        "Data": {
          "projections": [
            {
              "field": {
                "Measure": {
                  "Expression": {
                    "SourceRef": {
                      "Entity": "Sales"
                    }
                  },
                  "Property": "Total Customers"
                }
              },
              "queryRef": "Sales.Total Customers",
              "nativeQueryRef": "Total Customers"
            },
            {
              "field": {
                "Measure": {
                  "Expression": {
                    "SourceRef": {
                      "Entity": "Sales"
                    }
                  },
                  "Property": "Total Orders"
                }
              },
              "queryRef": "Sales.Total Orders",
              "nativeQueryRef": "Total Orders"
            },
            {
              "field": {
                "Measure": {
                  "Expression": {
                    "SourceRef": {
                      "Entity": "Sales"
                    }
                  },
                  "Property": "Total Sales"
                }
              },
              "queryRef": "Sales.Total Sales",
              "nativeQueryRef": "Total Sales"
            }
          ]
        },
        "Rows": {
          "projections": [
            {
              "field": {
                "Column": {
                  "Expression": {
                    "SourceRef": {
                      "Entity": "Sales"
                    }
                  },
                  "Property": "Products Category"
                }
              },
              "queryRef": "Sales.Products.Category",
              "nativeQueryRef": "Products.Category",
              "displayName": "Products.Category"
            }
          ]
        }
      },
      "sortDefinition": {
        "sort": [
          {
            "field": {
              "Measure": {
                "Expression": {
                  "SourceRef": {
                    "Entity": "Sales"
                  }
                },
                "Property": "Total Customers"
              }
            },
            "direction": "Descending"
          }
        ],
        "isDefaultSort": true
      }
    },
    "drillFilterOtherVisuals": true
  },
  "filterConfig": {
    "filters": [
      {
        "name": "345064520903495abdcd",
        "field": {
          "Measure": {
            "Expression": {
              "SourceRef": {
                "Entity": "Sales"
              }
            },
            "Property": "Total Customers"
          }
        },
        "type": "Advanced"
      },
      {
        "name": "0fca58ef2a263294690b",
        "field": {
          "Measure": {
            "Expression": {
              "SourceRef": {
                "Entity": "Sales"
              }
            },
            "Property": "Total Orders"
          }
        },
        "type": "Advanced"
      },
      {
        "name": "50edeaadbe9508d03d77",
        "field": {
          "Measure": {
            "Expression": {
              "SourceRef": {
                "Entity": "Sales"
              }
            },
            "Property": "Total Sales"
          }
        },
        "type": "Advanced"
      },
      {
        "name": "6f99ebffc607a1b7039d",
        "field": {
          "Column": {
            "Expression": {
              "SourceRef": {
                "Entity": "Sales"
              }
            },
            "Property": "Products Category"
          }
        },
        "type": "Categorical"
      }
    ]
  }
}